a1783911;300;200326-192641;a1783911;realip:10.201.47.110,forwarder:129.127.149.251,remote:10.230.13.11
a1783911;301;200326-193842;a1783911;realip:10.201.47.110,forwarder:129.127.149.251,remote:10.230.13.11
a1783911;302;200326-194616;a1783911;realip:10.201.47.110,forwarder:129.127.149.251,remote:10.230.13.11
a1783911;303;200326-194945;a1783911;realip:10.201.47.110,forwarder:129.127.149.251,remote:10.230.13.11
a1783911;304;200326-201551;a1783911;realip:10.201.47.110,forwarder:129.127.149.251,remote:10.230.13.11
a1783911;305;200327-015107;a1783911;realip:10.201.47.110,forwarder:129.127.149.251,remote:10.230.13.1
a1783911;306;200327-152733;a1783911;realip:123.243.4.142,forwarder:129.127.149.251,remote:10.230.13.1
a1783911;306;200327-153944;a1783911;realip:123.243.4.142,forwarder:129.127.149.251,remote:10.230.13.1
a1783911;308;200327-154040;a1783911;realip:123.243.4.142,forwarder:129.127.149.251,remote:10.230.13.1
a1783911;309;200327-174842;a1783911;realip:123.243.4.142,forwarder:129.127.149.251,remote:10.230.13.1
a1783911;310;200327-175323;a1783911;realip:123.243.4.142,forwarder:129.127.149.251,remote:10.230.13.1
a1783911;311;200327-231955;a1783911;realip:123.243.4.142,forwarder:129.127.149.251,remote:10.230.13.1
a1783911;312;200327-232118;a1783911;realip:123.243.4.142,forwarder:129.127.149.251,remote:10.230.13.1
a1783911;313;200327-233052;a1783911;realip:123.243.4.142,forwarder:129.127.149.251,remote:10.230.13.1
a1783911;314;200327-233139;a1783911;realip:123.243.4.142,forwarder:129.127.149.251,remote:10.230.13.1
a1783911;315;200327-233322;a1783911;realip:123.243.4.142,forwarder:129.127.149.251,remote:10.230.13.1
a1783911;316;200327-233437;a1783911;realip:123.243.4.142,forwarder:129.127.149.251,remote:10.230.13.1
a1783911;317;200328-153041;a1783911;realip:123.243.4.142,forwarder:129.127.149.251,remote:10.230.13.1
a1783911;318;200328-154318;a1783911;realip:123.243.4.142,forwarder:129.127.149.251,remote:10.230.13.1
a1783911;319;200328-165253;a1783911;realip:123.243.4.142,forwarder:129.127.149.251,remote:10.230.13.1
a1783911;320;200328-215453;a1783911;realip:10.201.47.110,forwarder:129.127.149.251,remote:10.230.13.1
a1783911;320;200329-002020;a1783911;realip:10.201.47.110,forwarder:129.127.149.251,remote:10.230.13.1
